City_ID,City,Lat,Lng,Max Temp,Humidity,Cloudiness,Wind Speed,Country,Date
0,ha'il,27.5219,41.6907,20.01,30,0,0.0,SA,1683335889
1,al-hamdaniya,36.2715,43.3737,19.13,30,8,2.44,IQ,1683335889
2,flying fish cove,-10.4217,105.6791,25.82,94,40,3.09,CX,1683335717
3,chak azam sahu,30.75,73.0333,24.21,56,58,1.33,PK,1683335891
4,waitangi,-43.9535,-176.5597,17.12,85,100,3.58,NZ,1683335712
5,acapulco de juarez,16.8634,-99.8901,28.9,79,100,3.6,MX,1683335746
6,wotho,10.1657,166.0102,27.57,79,35,6.97,MH,1683335892
7,grytviken,-54.2811,-36.5092,2.62,91,100,5.58,GS,1683335698
8,zubtsov,56.1753,34.5894,-2.51,82,5,2.52,RU,1683335893
9,albany,42.6001,-73.9662,12.16,71,44,1.83,US,1683335698
10,kalmunai,7.4167,81.8167,26.18,79,100,2.51,LK,1683335893
11,east london,-33.0153,27.9116,18.78,81,0,5.27,ZA,1683335739
12,lebu,-37.6167,-73.65,11.77,92,11,5.03,CL,1683335738
13,hawaiian paradise park,19.5933,-154.9731,25.73,75,100,6.69,US,1683335699
14,susuman,62.7833,148.1667,-0.46,65,28,2.0,RU,1683335756
15,anloga,5.7947,0.8973,28.66,74,53,3.09,GH,1683335895
16,codrington,-38.2667,141.9667,11.15,61,98,5.18,AU,1683335775
17,georgetown,5.4112,100.3354,27.96,83,20,0.51,MY,1683335718
18,college,64.8569,-147.8028,12.18,35,40,0.0,US,1683335698
19,guerrero negro,27.9769,-114.0611,16.75,61,40,9.44,MX,1683335803
20,adamstown,-25.066,-130.1015,23.2,72,100,8.24,PN,1683335698
21,tostado,-29.232,-61.7692,16.1,85,100,5.25,AR,1683335799
22,tiksi,71.6872,128.8694,-10.68,82,84,7.16,RU,1683335729
23,namibe,-15.1961,12.1522,21.9,81,94,2.77,AO,1683335700
24,port-aux-francais,-49.35,70.2167,5.99,70,100,11.91,TF,1683335709
25,margaret river,-33.95,115.0667,13.66,62,74,7.01,AU,1683335703
26,meadow lake,34.8014,-106.5436,24.19,10,3,10.32,US,1683335800
27,kharp,66.8014,65.8081,-4.72,87,10,3.21,RU,1683335809
28,avarua,-21.2078,-159.775,28.03,83,75,7.72,CK,1683335698
29,plettenberg bay,-34.0527,23.3716,15.12,82,4,3.5,ZA,1683335900
30,nyurba,63.2842,118.3319,1.49,99,100,4.34,RU,1683335756
31,odiongan,12.4017,121.9919,28.79,73,54,3.33,PH,1683335901
32,bethel,41.3712,-73.414,12.05,84,40,1.54,US,1683335700
33,chonchi,-42.6128,-73.8092,11.56,97,59,0.9,CL,1683335759
34,lewistown,40.5992,-77.5714,11.01,87,0,0.0,US,1683335637
35,aasiaat,68.7098,-52.8699,-4.85,91,100,1.41,GL,1683335713
36,port blair,11.6667,92.75,28.69,74,100,1.99,IN,1683335902
37,qaqortoq,60.7167,-46.0333,1.47,74,13,0.87,GL,1683335701
38,fuyang,32.9,115.8167,14.87,67,100,5.77,CN,1683335903
39,blackmans bay,-43.0167,147.3167,10.29,63,7,2.17,AU,1683335704
40,danshui,22.7984,114.4672,29.48,66,32,4.26,CN,1683335904
41,okhotsk,59.3833,143.3,3.74,72,24,0.6,RU,1683335700
42,poronaysk,49.2167,143.1167,5.84,51,33,1.01,RU,1683335905
43,iqaluit,63.7506,-68.5145,-2.52,88,100,4.8,CA,1683335706
44,papatowai,-46.5619,169.4708,17.1,64,1,3.12,NZ,1683335720
45,buka,40.8108,69.1986,13.24,51,100,1.21,UZ,1683335803
46,sitka,57.0531,-135.33,9.94,66,75,2.57,US,1683335744
47,saint-philippe,-21.3585,55.7679,22.77,81,34,3.05,RE,1683335750
48,kodiak,57.79,-152.4072,5.73,87,100,3.09,US,1683335705
49,kavaratti,10.5669,72.642,28.66,68,76,3.27,IN,1683335907
50,bel ombre,-4.6167,55.4167,27.91,78,20,2.57,SC,1683335753
51,puerto natales,-51.7236,-72.4875,11.05,92,100,4.28,CL,1683335716
52,paradip garh,20.3167,86.6167,28.93,74,95,4.53,IN,1683335909
53,ilulissat,69.2167,-51.1,-1.99,93,100,0.0,GL,1683335709
54,kalisz,51.7611,18.091,8.18,80,100,6.88,PL,1683335909
55,utrik,11.2278,169.8474,27.09,76,100,7.16,MH,1683335754
56,thompson,55.7435,-97.8558,10.56,74,15,4.24,CA,1683335701
57,port saint john's,-31.6229,29.5448,18.64,86,0,3.38,ZA,1683335799
58,ormara,25.2088,64.6357,27.0,72,0,4.97,PK,1683335911
59,luba,3.4568,8.5547,22.94,85,100,1.06,GQ,1683335912
60,tarawa,1.419,172.984,31.05,70,40,2.57,KI,1683335730
61,carnarvon,-24.8667,113.6333,24.93,49,34,3.1,AU,1683335477
62,vila franca do campo,37.7167,-25.4333,17.23,95,100,4.59,PT,1683335807
63,timmins,48.4669,-81.3331,9.11,75,99,1.23,CA,1683335627
64,san luis,-33.295,-66.3356,13.18,68,100,2.85,AR,1683335913
65,hammerfest,70.6634,23.6821,2.25,87,100,6.69,NO,1683335721
66,punta arenas,-53.15,-70.9167,6.06,93,100,2.57,CL,1683335585
67,kayangel,8.0823,134.7173,28.3,76,45,4.14,PW,1683335914
68,whitehorse,60.7161,-135.0538,8.43,43,100,3.6,CA,1683335760
69,edinburgh of the seven seas,-37.0676,-12.3116,15.79,84,100,12.34,SH,1683335712
70,lujan,-34.5703,-59.105,17.84,95,100,0.89,AR,1683335707
71,severo-yeniseyskiy,60.3725,93.0408,1.11,83,88,4.52,RU,1683335761
72,afaahiti,-17.75,-149.2833,29.93,84,100,8.71,PF,1683335723
73,petropavlovsk-kamchatsky,53.0452,158.6483,6.33,61,75,4.0,RU,1683335810
74,geraldton,-28.7667,114.6,17.23,82,75,10.29,AU,1683335916
75,talnakh,69.4865,88.3972,-11.55,91,100,5.72,RU,1683335702
76,yellowknife,62.456,-114.3525,15.31,44,100,5.36,CA,1683335695
77,mwene-ditu,-7.0,23.45,18.78,93,11,1.34,CD,1683335917
78,wailua homesteads,22.0669,-159.378,27.24,68,100,7.72,US,1683335755
79,leh,34.1667,77.5833,-3.85,73,87,0.74,IN,1683335917
80,west island,-12.1568,96.8225,26.99,89,100,4.63,CC,1683335710
81,praia da vitoria,38.7333,-27.0667,21.14,78,75,3.38,PT,1683335770
82,erbil,36.1926,44.0106,11.9,47,0,2.06,IQ,1683335918
83,magadan,59.5667,150.8,4.74,79,98,1.01,RU,1683335529
84,isafjordur,66.0755,-23.124,5.86,99,100,0.42,IS,1683335728
85,port mathurin,-19.6833,63.4167,26.13,76,12,7.57,MU,1683335699
86,ushuaia,-54.8,-68.3,7.81,57,0,7.2,AR,1683335694
87,pembroke,45.8168,-77.1162,11.77,70,69,0.78,CA,1683335719
88,kuching,1.55,110.3333,30.07,73,20,1.03,MY,1683335703
89,rotorua,-38.1387,176.2452,18.67,94,100,2.81,NZ,1683335920
90,stanley,54.868,-1.6985,9.33,94,47,0.0,GB,1683335719
91,isangel,-19.55,169.2667,29.06,84,75,2.06,VU,1683335920
92,kasaragod,12.5,75.0,24.92,82,100,1.97,IN,1683335921
93,port alfred,-33.5906,26.891,15.66,95,5,4.74,ZA,1683335668
94,ribeira grande,38.5167,-28.7,17.65,96,100,6.71,PT,1683335742
95,kyabe,9.4515,18.9449,29.37,34,65,1.2,TD,1683335786
96,kodinar,20.7903,70.7031,25.92,79,98,3.11,IN,1683335922
97,port lincoln,-34.7333,135.8667,12.92,57,92,6.47,AU,1683335746
98,quemado de guines,22.7853,-80.2536,27.12,72,60,2.57,CU,1683335922
99,kenora,49.8167,-94.4337,13.54,47,75,6.69,CA,1683335923
100,sosnogorsk,63.6023,53.8817,0.16,97,100,2.79,RU,1683335923
101,bengkulu,-3.8004,102.2655,25.77,88,100,1.24,ID,1683335754
102,holualoa,19.6228,-155.9522,25.91,73,75,6.69,US,1683335701
103,thunder bay,48.4001,-89.3168,6.99,81,100,6.69,CA,1683335810
104,enewetak,11.3474,162.3373,27.34,78,100,6.8,MH,1683335712
105,amga,60.8953,131.9608,3.02,96,98,2.03,RU,1683335924
106,itaituba,-4.2761,-55.9836,23.44,99,95,0.81,BR,1683335925
107,zheleznodorozhnyy,55.7503,38.0042,-0.71,65,0,3.48,RU,1683335925
108,cabo san lucas,22.8909,-109.9124,29.17,30,40,1.54,MX,1683335731
109,concordia,-31.393,-58.0209,18.21,100,100,1.34,AR,1683335633
110,invercargill,-46.4,168.35,16.75,68,0,3.38,NZ,1683335734
111,colon,9.3592,-79.9014,26.99,85,100,5.13,PA,1683335927
112,aiquile,-18.2041,-65.1807,13.84,85,100,1.91,BO,1683335927
113,severodvinsk,64.5635,39.8302,-1.68,81,97,3.12,RU,1683335927
114,bilibino,68.0546,166.4372,-3.83,77,98,1.54,RU,1683335700
115,lutsk,50.7593,25.3424,6.1,83,100,0.45,UA,1683335928
116,vallenar,-28.5708,-70.7581,14.4,71,42,1.42,CL,1683335928
117,polyarnyy,69.1989,33.4478,-1.93,92,100,3.22,RU,1683335765
118,tutoia,-2.7619,-42.2744,25.33,90,52,4.04,BR,1683335929
119,arkhangel'sk,64.5401,40.5433,-2.8,87,90,2.1,RU,1683335929
120,hamilton,39.1834,-84.5333,18.47,57,0,4.12,US,1683335610
121,st. john's,47.5649,-52.7093,0.93,94,100,12.35,CA,1683335531
122,chom thong,18.4174,98.6743,32.83,53,51,1.54,TH,1683335930
123,mokhsogollokh,61.4681,128.9203,1.56,100,100,1.97,RU,1683335930
124,abu zabad,12.35,29.25,28.95,18,12,2.3,SD,1683335930
125,puerto ayora,-0.7393,-90.3518,26.97,96,41,2.24,EC,1683335745
126,ljusdal,61.8288,16.0913,-1.54,72,22,1.51,SE,1683335788
127,coeur d'alene,47.6777,-116.7805,8.7,93,100,2.57,US,1683335931
128,al ghayzah,16.2079,52.176,30.02,30,100,3.61,YE,1683335771
129,berdigestyakh,62.0989,126.6992,1.3,100,100,3.29,RU,1683335738
130,floro,61.5996,5.0328,6.98,53,40,5.14,NO,1683335745
131,nabire,-3.3667,135.4833,28.32,79,100,2.37,ID,1683335932
132,kiffa,16.6166,-11.4045,32.89,12,0,4.3,MR,1683335932
133,udachny,66.4167,112.4,0.25,92,100,3.23,RU,1683335721
134,novodvinsk,64.4165,40.8122,-3.44,88,65,2.18,RU,1683335933
135,kerikeri,-35.2268,173.9474,18.02,92,100,3.86,NZ,1683335933
136,czersk,53.7959,17.9765,3.12,65,100,4.92,PL,1683335933
137,bredasdorp,-34.5322,20.0403,12.92,91,88,2.41,ZA,1683335706
138,ghat,24.9647,10.1728,22.77,18,6,1.0,LY,1683335934
139,bolu,40.6667,31.5833,8.93,96,98,1.56,TR,1683335776
140,dudinka,69.4058,86.1778,-11.32,89,97,4.07,RU,1683335742
141,paracuru,-3.41,-39.0306,26.17,83,6,3.88,BR,1683335739
142,tangalle,6.024,80.7911,25.77,87,99,5.01,LK,1683335935
143,santa terezinha,-29.9002,-50.0904,20.12,97,100,3.38,BR,1683335935
144,port elizabeth,-33.918,25.5701,15.73,97,68,1.79,ZA,1683335714
145,igrim,63.1906,64.4162,5.03,77,100,1.88,RU,1683335748
146,petropavlovka,50.6114,105.3196,8.21,42,6,1.69,RU,1683335936
147,howard springs,-12.497,131.047,30.46,72,100,4.33,AU,1683335936
148,castro marim,37.2207,-7.4435,17.99,79,32,7.5,PT,1683335936
149,coquimbo,-29.9533,-71.3436,12.85,82,0,2.06,CL,1683335645
150,galliano,29.4422,-90.2992,26.0,83,40,2.06,US,1683335937
151,rio gallegos,-51.6226,-69.2181,9.03,81,75,3.09,AR,1683335730
152,al wafrah,28.6392,47.9306,23.11,10,0,4.19,KW,1683335937
153,dryden,49.7833,-92.7503,11.16,62,100,5.66,CA,1683335764
154,bichura,50.5881,107.6022,8.45,39,1,2.17,RU,1683335938
155,jamestown,42.097,-79.2353,9.8,71,0,3.09,US,1683335518
156,pariaman,-0.619,100.12,27.03,97,100,1.61,ID,1683335939
157,olonkinbyen,70.9221,-8.7187,0.25,99,100,4.92,SJ,1683335698
158,knyaze-volkonskoye,48.4642,135.4567,11.19,42,74,1.17,RU,1683335939
159,alghero,40.5589,8.3181,12.05,100,0,0.51,IT,1683335939
160,vernon,50.2581,-119.2691,21.34,76,100,1.03,CA,1683335940
161,constantia,44.1833,28.65,12.61,76,8,4.48,RO,1683335739
162,karsiyang,26.8825,88.2773,16.89,62,5,1.3,IN,1683335940
163,quellon,-43.1167,-73.6167,11.14,100,100,0.0,CL,1683335941
164,berezovyy,51.6667,135.7,12.17,38,76,0.17,RU,1683335757
165,bu'aale,1.0833,42.5833,23.19,94,0,2.48,SO,1683335941
166,berezovo,63.9381,65.0419,3.19,71,100,1.98,RU,1683335942
167,saipan,15.1355,145.701,31.39,100,40,9.26,MP,1683335715
168,nogliki,51.8333,143.1667,2.02,68,8,3.4,RU,1683335942
169,usinsk,65.9939,57.5281,-2.2,90,8,1.37,RU,1683335753
170,atafu village,-8.5421,-172.5159,29.24,74,97,6.44,TK,1683335737
171,fale old settlement,-9.3852,-171.2468,29.11,74,100,5.97,TK,1683335733
172,as sulayyil,20.4607,45.5779,25.14,18,44,4.26,SA,1683335944
173,mejit,10.2753,170.8646,27.37,79,65,7.54,MH,1683335797
174,klyuchi,52.2667,79.1667,14.41,34,80,2.46,RU,1683335792
175,calvinia,-31.4707,19.776,10.73,48,100,2.16,ZA,1683335945
176,smithers,54.7804,-127.1743,16.45,84,100,2.24,CA,1683335735
177,hermanus,-34.4187,19.2345,14.91,87,100,1.85,ZA,1683335708
178,campina verde,-19.5356,-49.4864,21.26,65,1,1.27,BR,1683335946
179,kidal,18.4411,1.4078,31.88,14,0,2.76,ML,1683335947
180,san patricio,28.017,-97.5169,27.92,81,100,6.3,US,1683335719
181,tuba city,36.135,-111.2399,16.9,21,73,11.38,US,1683335678
182,kiunga,-6.1219,141.2906,28.24,77,100,1.2,PG,1683335759
183,nova vicosa,-17.8919,-39.3719,23.94,82,9,3.22,BR,1683335948
184,nueva guinea,11.6876,-84.4562,25.42,72,27,5.4,NI,1683335948
185,hoemul-li,41.4339,129.67,13.07,53,100,4.76,KP,1683335949
186,newman,37.3138,-121.0208,20.16,67,100,0.45,US,1683335949
187,sitia,35.2,26.0986,17.21,89,100,9.23,GR,1683335950
188,flin flon,54.7682,-101.865,13.86,48,69,2.4,CA,1683335799
189,ust-nera,64.5667,143.2,0.76,69,93,4.25,RU,1683335770
190,alesund,62.4723,6.1549,6.53,54,100,4.12,NO,1683335951
191,yinchuan,38.4681,106.2731,14.23,46,100,6.52,CN,1683335785
192,uturoa,-16.7333,-151.4333,27.98,78,93,8.8,PF,1683335699
193,vorgashor,67.5833,63.95,-10.03,97,98,0.59,RU,1683335715
194,saint-junien,45.8833,0.9,13.8,97,55,1.46,FR,1683335952
195,prado,-17.3411,-39.2208,23.34,85,64,2.57,BR,1683335953
196,nikolayevsk-on-amure,53.1406,140.73,7.91,59,26,1.79,RU,1683335773
197,matadi,-5.8167,13.45,23.45,97,100,0.19,CD,1683335953
198,auki,-8.7676,160.7034,30.26,65,100,1.81,SB,1683335735
199,luderitz,-26.6481,15.1594,12.98,80,7,3.73,NA,1683335702
200,arvayheer,46.2639,102.775,1.7,59,96,2.71,MN,1683335955
201,aznalcollar,37.5491,-6.3166,18.77,49,46,2.6,ES,1683335955
202,yacuiba,-22.038,-63.6797,14.12,83,100,1.16,BO,1683335955
203,broken hill,-31.95,141.4333,12.36,77,98,6.31,AU,1683335739
204,badger,64.8,-147.5333,12.14,28,75,0.0,US,1683335736
205,genhe,50.7833,121.5167,11.22,26,2,1.48,CN,1683335957
206,milevsko,49.4509,14.36,13.97,89,100,2.9,CZ,1683335957
207,hithadhoo,-0.6,73.0833,28.32,76,98,9.18,MV,1683335742
208,porto novo,6.4965,2.6036,28.9,80,41,2.09,BJ,1683335958
209,anadyr,64.75,177.4833,-2.72,85,100,1.0,RU,1683335746
210,lihue,21.9789,-159.3672,27.58,69,100,7.72,US,1683335700
211,lazaro cardenas,17.9583,-102.2,28.19,71,98,2.89,MX,1683335959
212,ulety,51.3572,112.4849,8.53,33,0,4.14,RU,1683335960
213,ust'-kut,56.7938,105.7672,4.35,96,100,3.9,RU,1683335960
214,mossel bay,-34.1831,22.146,15.27,78,49,2.91,ZA,1683335737
215,el matama,16.7095,33.3565,30.16,7,45,4.2,SD,1683335961
216,chulakkurgan,43.765,69.1814,7.48,36,96,0.77,KZ,1683335961
217,revda,56.801,59.9303,9.86,51,100,2.76,RU,1683335744
218,colonia,50.9333,6.95,12.76,92,100,0.51,DE,1683335794
219,tual,-5.6667,132.75,27.64,82,84,10.43,ID,1683335736
220,sabang,5.8933,95.3214,28.55,75,99,8.09,ID,1683335963
221,antsiranana,-12.2787,49.2917,23.01,83,0,3.52,MG,1683335699
222,marsa alam,25.0757,34.8918,26.87,46,0,5.37,EG,1683335964
223,fortuna,40.5982,-124.1573,12.59,87,100,1.79,US,1683335764
224,barah,13.7,30.3667,27.84,9,14,2.42,SD,1683335964
225,demba,-5.51,22.2667,20.75,92,19,0.62,CD,1683335965
226,kabansk,52.0486,106.6528,9.9,39,31,1.59,RU,1683335965
227,polyany,54.7122,39.8231,0.38,74,100,2.65,RU,1683335965
228,north battleford,52.7834,-108.2847,16.05,31,20,10.8,CA,1683335966
229,khandyga,62.6667,135.6,2.96,82,72,2.84,RU,1683335721
230,kawerau,-38.1,176.7,19.1,94,100,1.34,NZ,1683335967
231,keflavik,64.0049,-22.5624,7.24,81,75,6.17,IS,1683335733
232,touros,-5.1989,-35.4608,25.97,84,10,4.83,BR,1683335754
233,chunskiy,56.0815,99.6342,6.95,88,100,4.26,RU,1683335968
234,riberalta,-10.9833,-66.1,23.13,99,92,0.8,BO,1683335968
235,ulanhot,46.0833,122.0833,16.91,15,0,3.26,CN,1683335969
236,san antonio de pale,-1.4014,5.6325,27.77,79,25,5.09,GQ,1683335800
237,dunedin,-45.8742,170.5036,21.71,38,0,1.28,NZ,1683335559
238,zhaotong,27.3167,103.7167,13.96,86,100,3.01,CN,1683335721
239,kenai,60.5544,-151.2583,10.05,40,40,5.14,US,1683335971
240,baotou,40.6522,109.8222,12.08,42,100,4.17,CN,1683335971
241,ust'-barguzin,53.45,108.9833,4.45,61,26,1.52,RU,1683335972
242,troitskoye,52.9821,84.6757,10.05,57,39,3.09,RU,1683335972
243,murrells inlet,33.551,-79.0414,19.47,71,0,1.54,US,1683335972
244,toliara,-23.35,43.6667,20.74,80,33,1.99,MG,1683335973
245,taco pozo,-25.6167,-63.2833,13.62,95,83,2.41,AR,1683335973
246,ta`u,-14.2336,-169.5144,26.72,81,93,7.52,AS,1683335803
247,midvagur,62.0511,-7.1939,7.46,93,100,9.26,FO,1683335974
248,biograd na moru,43.9433,15.4519,13.2,80,34,2.3,HR,1683335974
249,nuku'alofa,-21.1333,-175.2,28.19,74,40,7.2,TO,1683335728
250,olhao,37.0286,-7.8411,17.94,66,0,5.14,PT,1683335975
251,banda aceh,5.5577,95.3222,27.86,78,99,5.13,ID,1683335975
252,jeremie,18.65,-74.1167,26.93,80,1,1.76,HT,1683335975
253,akureyri,65.6835,-18.0878,5.96,93,0,0.0,IS,1683335800
254,maxixe,-23.8597,35.3472,20.5,85,2,1.32,MZ,1683335976
255,saint-pierre-du-mont,43.8845,-0.5219,17.86,78,0,1.54,FR,1683335976
256,egilsstadir,65.2653,-14.3948,4.95,75,0,2.57,IS,1683335807
257,puerto lempira,15.2667,-83.7667,26.31,75,100,3.76,HN,1683335976
258,lekeitio,43.3666,-2.5007,14.71,75,100,2.44,ES,1683335977
259,dubrovytsya,51.5744,26.565,2.47,92,13,2.89,UA,1683335977
260,yaren,-0.5472,166.916,28.56,76,25,3.83,NR,1683335977
261,greymouth,-42.4667,171.2,16.83,85,100,0.95,NZ,1683335726
262,gisborne,-38.6533,178.0042,19.82,71,100,4.48,NZ,1683335978
263,el calafate,-50.3408,-72.2768,10.21,91,43,2.93,AR,1683335978
264,lompoc,34.6391,-120.4579,18.16,72,20,6.71,US,1683335743
265,longyearbyen,78.2186,15.6401,-2.09,80,75,8.75,SJ,1683335707
266,peace river,56.2501,-117.286,24.17,18,75,7.2,CA,1683335921
267,rockland,41.1668,-74.0496,12.47,81,20,1.2,US,1683335979
268,vazante,-17.9869,-46.9078,20.25,66,3,1.71,BR,1683335979
269,chhor,25.5167,69.7667,28.53,49,0,3.23,PK,1683335980
270,saldanha,-33.0117,17.9442,15.23,87,100,1.86,ZA,1683335738
271,turkmenbasy,40.0222,52.9552,10.43,76,0,1.03,TM,1683335811
272,castillos,-34.1667,-53.8333,17.66,79,100,5.14,UY,1683335700
273,pisco,-13.7,-76.2167,20.57,83,0,7.2,PE,1683335553
274,callao,-12.0667,-77.15,22.16,78,0,5.14,PE,1683335846
275,mar del plata,-38.0023,-57.5575,14.41,84,17,2.06,AR,1683335853
276,kapa'a,22.0752,-159.319,27.99,68,100,7.72,US,1683335981
277,salekhard,66.53,66.6019,-2.31,80,5,3.79,RU,1683335982
278,kafir qala,34.6667,61.0667,9.22,76,0,2.86,AF,1683335982
279,santyoku,37.4406,129.1708,11.47,97,100,7.27,KR,1683335982
280,kyren,51.6828,102.1408,7.02,40,61,1.1,RU,1683335982
281,konarka,19.9,86.1167,26.22,76,100,4.64,IN,1683335983
282,port-vila,-17.7338,168.3219,29.78,66,40,5.14,VU,1683335983
283,wellington point,-27.4833,153.25,26.26,60,20,2.57,AU,1683335983
284,gelemso,8.8167,40.5167,15.87,88,86,1.33,ET,1683335984
285,tianfu,37.1936,122.0511,15.36,70,100,8.53,CN,1683335705
286,tchintabaraden,15.8969,5.7985,29.26,29,34,1.14,NE,1683335984
287,jonava,55.0833,24.2833,0.03,84,0,1.03,LT,1683335984
288,lorengau,-2.0226,147.2712,29.59,71,94,3.56,PG,1683335772
289,new norfolk,-42.7826,147.0587,10.95,69,7,0.89,AU,1683335803
290,bardai,11.65,7.2333,26.13,51,48,3.28,NG,1683335804
291,nishinoomote,30.7333,131.0,22.31,94,75,6.69,JP,1683335985
292,quilmana,-12.95,-76.3833,21.66,84,67,1.74,PE,1683335985
293,takhatgarh,25.3333,73.0,28.41,46,7,2.42,IN,1683335986
294,taksimo,56.3444,114.8794,6.62,45,81,0.6,RU,1683335769
295,kondoa,-4.9,35.7833,15.15,95,51,2.05,TZ,1683335986
296,fernley,39.608,-119.2518,12.48,36,99,2.68,US,1683335759
297,northam,51.0333,-4.2167,11.88,94,100,4.42,GB,1683335987
298,goure,13.9835,10.2704,27.37,9,0,2.33,NE,1683335987
299,martapura,-3.4167,114.85,30.05,79,20,2.57,ID,1683335987
300,tolanaro,-25.0319,46.9987,20.52,94,39,3.27,MG,1683335749
301,haiku-pauwela,20.9219,-156.3051,25.01,76,40,11.83,US,1683335751
302,coahuayana de hidalgo,18.7,-103.6583,28.73,62,0,1.82,MX,1683335803
303,puerto baquerizo moreno,-0.9,-89.6,26.65,84,24,4.66,EC,1683335736
304,belomorsk,64.5232,34.7668,-7.48,96,85,2.0,RU,1683335988
305,mtambile,-5.3833,39.7,25.69,82,7,4.74,TZ,1683335989
306,acarau,-2.8856,-40.12,25.22,83,9,4.77,BR,1683335793
307,lerwick,60.1545,-1.1494,8.0,88,100,12.73,GB,1683335752
308,ternate,0.8,127.4,28.62,75,89,0.87,ID,1683335989
309,pasaje,-3.3333,-79.8167,25.79,91,98,0.89,EC,1683335990
310,bobrovytsya,50.75,31.3833,5.28,84,100,4.93,UA,1683335990
311,impfondo,1.6381,18.0667,22.06,94,88,1.33,CG,1683335990
312,contramaestre,20.2978,-76.2414,24.54,85,53,1.52,CU,1683335990
313,kupang,-10.1667,123.5833,31.32,70,20,4.63,ID,1683335991
314,ubari,26.5921,12.7805,19.96,24,54,2.73,LY,1683335991
315,tucumcari,35.1717,-103.725,26.91,7,0,11.83,US,1683335991
316,howrah,22.5892,88.3103,29.0,74,75,2.06,IN,1683335773
317,buala,-8.145,159.5921,29.88,67,100,1.17,SB,1683335742
318,zadar,44.1197,15.2422,10.34,100,0,0.51,HR,1683335992
319,shimoda,34.6667,138.95,25.06,73,60,9.48,JP,1683335992
320,portland,45.5234,-122.6762,14.85,77,100,2.68,US,1683335508
321,yuzhno-kurilsk,44.0306,145.8556,2.84,97,100,4.17,RU,1683335804
322,remire-montjoly,4.9167,-52.2667,27.02,83,75,2.06,GF,1683335727
323,boali,4.8005,18.1275,23.18,76,81,0.69,CF,1683335993
324,zhangye,38.9342,100.4517,12.56,23,9,9.0,CN,1683335994
325,ixtapa,20.7,-105.2,27.57,78,75,5.14,MX,1683335994
326,tell city,37.9514,-86.7678,21.17,62,75,3.09,US,1683335994
327,nova sintra,14.8667,-24.7167,20.77,79,3,12.15,CV,1683335761
328,moraleja,40.0162,-6.6977,15.36,73,23,0.87,ES,1683335995
329,ancud,-41.8697,-73.8203,10.74,94,13,1.27,CL,1683335736
330,katsuren-haebaru,26.3369,127.8719,27.21,78,75,6.69,JP,1683335757
331,tobelo,1.7284,128.0095,29.62,70,99,0.94,ID,1683335996
332,puerto maldonado,-12.6,-69.1833,22.99,99,84,0.52,PE,1683335755
333,borogontsy,62.6683,131.1683,3.62,86,49,2.68,RU,1683335996
334,dudhi,24.2167,83.25,27.73,34,0,1.45,IN,1683335996
335,kone,-21.0595,164.8658,26.33,72,85,3.95,NC,1683335709
336,xinyuan,37.3,99.0,-0.15,91,100,2.44,CN,1683335997
337,bonthe,7.5264,-12.505,23.0,91,100,3.73,SL,1683335808
338,plymouth,41.8334,-70.8328,11.9,75,0,1.54,US,1683335711
339,valparaiso,-33.0393,-71.6273,8.8,93,0,2.06,CL,1683335575
340,stettler,52.3168,-112.7186,18.86,22,0,8.23,CA,1683335998
341,rongelap,11.1635,166.8941,27.45,77,13,7.41,MH,1683335734
342,sucua,-2.4667,-78.1667,20.38,97,99,1.08,EC,1683335998
343,sandpoint,48.2766,-116.5533,12.47,96,100,3.13,US,1683335999
344,rawson,-43.3002,-65.1023,17.44,42,23,10.76,AR,1683335999
345,tura,25.5198,90.2201,24.09,80,0,2.26,IN,1683335805
346,arraial do cabo,-22.9661,-42.0278,23.69,81,0,3.74,BR,1683335730
347,curcani,44.2,26.5833,14.71,76,44,3.72,RO,1683336000
348,kandahar,31.0,65.75,17.16,39,0,3.17,AF,1683336000
349,kumylzhenskaya,49.8809,42.5898,9.99,95,89,5.14,RU,1683336001
350,boyolangu,-8.1181,111.8935,26.58,88,100,2.84,ID,1683336001
351,chikwawa,-16.0335,34.8009,16.51,81,0,0.67,MW,1683336002
352,camalu,30.85,-116.0667,15.98,61,9,6.84,MX,1683336002
353,anyang,36.0994,114.3289,14.59,76,100,6.42,CN,1683336003
354,xiulin,29.7167,112.4,18.91,85,100,6.74,CN,1683336003
355,viedma,-40.8135,-62.9967,12.75,72,0,4.61,AR,1683336003
356,galveston,29.3669,-94.9669,27.88,89,75,6.17,US,1683336004
357,kegen,43.0197,79.2203,-0.8,37,0,2.21,KZ,1683336004
358,arangaon,18.6667,75.1833,27.56,52,47,3.67,IN,1683336005
359,encarnacion,-27.3333,-55.9,20.29,94,100,1.54,PY,1683336005
360,muroran,42.3172,140.9881,8.88,96,100,2.28,JP,1683336005
361,baneasa,44.0461,26.0642,14.3,70,80,2.57,RO,1683336006
362,arteche,12.2645,125.4048,28.97,73,62,2.39,PH,1683335743
363,kloulklubed,7.0419,134.2556,29.28,68,100,3.65,PW,1683336006
364,abeche,13.8292,20.8324,28.75,11,46,2.82,TD,1683336007
365,cidreira,-30.1811,-50.2056,20.12,96,100,3.82,BR,1683335741
366,zaragoza,41.6561,-0.8773,19.25,55,0,2.68,ES,1683335565
367,tonekabon,36.8163,50.8738,12.97,68,0,1.18,IR,1683336007
368,blora,-6.9698,111.4186,26.53,84,95,1.58,ID,1683336008
369,ola,59.5833,151.2833,5.08,78,95,0.85,RU,1683335795
370,luganville,-15.5333,167.1667,28.78,72,45,3.09,VU,1683336008
371,weno,7.4515,151.8468,28.43,77,100,4.3,FM,1683335745
372,westport,41.1415,-73.3579,12.83,79,20,2.06,US,1683335707
373,payyannur,12.1,75.2,25.66,82,64,2.21,IN,1683336009
374,pyhajarvi,67.0701,27.2176,-6.76,100,97,1.43,FI,1683335755
375,alofi,-19.0595,-169.9187,25.94,83,100,5.66,NU,1683335798
376,lambunao,11.0556,122.4759,28.25,75,49,2.16,PH,1683336010
377,vila velha,-20.3297,-40.2925,23.3,94,40,1.03,BR,1683336010
378,peniche,39.3558,-9.3811,15.25,93,99,2.98,PT,1683336010
379,bata,1.8639,9.7658,25.15,91,100,2.98,GQ,1683336011
380,azadshahr,34.7909,48.5707,3.27,56,0,0.0,IR,1683336011
381,sao jose da coroa grande,-8.8978,-35.1478,25.37,82,3,3.46,BR,1683335767
382,sur,22.5667,59.5289,27.21,60,7,4.66,OM,1683336012
383,tralee,52.2704,-9.7026,9.9,95,99,1.89,IE,1683336012
384,thatta,24.7475,67.9235,25.71,73,0,4.85,PK,1683336012
385,port augusta,-32.5,137.7667,15.55,61,32,8.57,AU,1683335712
386,conde,-7.2597,-34.9075,25.7,94,20,2.06,BR,1683335989
387,tazovsky,67.4667,78.7,-4.45,96,91,4.73,RU,1683335730
388,laguna paiva,-31.3039,-60.6589,18.33,92,100,0.45,AR,1683336013
389,minot air force base,48.4209,-101.3391,16.1,45,75,6.69,US,1683336013
390,robit,12.0167,39.6333,20.19,70,52,1.16,ET,1683336014
391,turan,16.0678,108.2208,31.99,70,0,1.54,VN,1683336014
392,kibre mengist,5.8833,38.9833,13.49,98,85,0.43,ET,1683336014
393,qarqaraly,49.4058,75.4742,10.37,45,6,2.11,KZ,1683336014
394,vadso,70.0744,29.7487,1.49,86,75,5.14,NO,1683335707
395,takoradi,4.8845,-1.7554,27.28,80,13,3.35,GH,1683336015
396,catalhoyuk,37.6685,32.8269,10.12,52,0,5.25,TR,1683336015
397,qarauyl,48.9451,79.255,10.71,39,66,3.22,KZ,1683336015
398,yeed,4.55,43.0333,25.93,71,0,6.0,SO,1683336016
399,kutum,14.2,24.6667,24.78,11,94,2.31,SD,1683336016
400,fort mcmurray,56.7268,-111.381,21.25,34,7,5.1,CA,1683335707
401,la cruz,23.9167,-106.9,27.73,45,100,5.68,MX,1683336016
402,heunghae,36.1125,129.3522,13.03,94,100,8.97,KR,1683336017
403,gorontalo,0.5412,123.0595,28.73,83,100,0.65,ID,1683336017
404,nagato,34.3833,131.2,19.57,93,100,8.05,JP,1683336017
405,puttalam,8.0362,79.8283,27.35,82,100,5.46,LK,1683336018
406,riachao das neves,-11.7461,-44.91,25.69,49,99,1.28,BR,1683336018
407,necochea,-38.5473,-58.7368,12.33,66,0,3.59,AR,1683336019
408,semnan,35.5729,53.3971,13.97,33,0,0.98,IR,1683336020
409,la ronge,55.1001,-105.2842,15.14,31,20,5.14,CA,1683336020
410,idrinskoye,54.3708,92.1358,8.38,57,100,2.19,RU,1683336020
411,guilin,25.2819,110.2864,26.06,89,100,0.83,CN,1683336021
412,muisne,0.6,-80.0333,26.14,90,100,3.56,EC,1683336021
413,boca do acre,-8.7522,-67.3978,23.62,97,100,0.69,BR,1683336021
414,deming,32.2687,-107.7586,25.94,7,0,9.26,US,1683336021
415,tsiombe,-25.3,45.4833,19.77,83,72,1.02,MG,1683335752
416,vilyuchinsk,52.9306,158.4028,7.15,92,100,1.65,RU,1683335751
417,uacu cungo,-11.3634,15.1208,17.27,92,89,0.84,AO,1683335803
418,pangai,-19.8,-174.35,25.42,80,26,2.63,TO,1683335743
419,dwarka,22.2394,68.9678,26.75,78,12,3.43,IN,1683336023
420,papao,-17.75,-149.55,30.82,82,100,9.55,PF,1683336023
421,kirensk,57.7853,108.1119,3.77,97,100,5.14,RU,1683336023
422,noshiro,40.2039,140.0242,15.46,99,100,5.29,JP,1683336023
423,galvez,-32.0293,-61.221,16.06,98,100,4.96,AR,1683336024
424,kaoma,-14.7833,24.8,13.46,64,4,2.27,ZM,1683336024
425,lushun,38.8,121.2667,16.12,53,100,10.74,CN,1683335763
426,kemijarvi,66.7131,27.4306,-7.73,100,83,1.05,FI,1683335737
427,moree,-29.4667,149.85,20.0,25,0,1.85,AU,1683336025
428,port lavaca,28.615,-96.6261,27.39,86,0,5.66,US,1683336025
429,beau vallon,-20.4189,57.6953,26.13,83,75,3.09,MU,1683336025
430,humaita,-7.5061,-63.0208,24.32,97,100,1.09,BR,1683336026
431,manokwari,-0.8667,134.0833,26.18,88,100,4.53,ID,1683335810
432,wynyard,-41.0,145.7167,11.1,58,8,3.46,AU,1683335758
433,yarim,14.298,44.3779,14.88,71,98,1.21,YE,1683336026
434,dawei,14.0833,98.2,30.4,68,38,2.37,MM,1683336027
435,mount pearl,47.5166,-52.7813,0.47,94,100,12.35,CA,1683335706
436,ataq,14.5377,46.8319,24.6,64,99,2.76,YE,1683336027
437,benito juarez,19.385,-99.165,19.91,45,100,7.2,MX,1683336028
438,tazacorte,28.629,-17.9293,20.54,85,0,8.75,ES,1683335739
439,tucuma,-0.1833,-50.05,24.45,94,91,2.12,BR,1683335768
440,novaya ladoga,60.1025,32.3019,-0.01,74,98,2.57,RU,1683336028
441,black point,-34.6187,137.8972,13.9,52,60,7.32,AU,1683336029
442,yaya,56.206,86.44,10.91,66,81,4.48,RU,1683336029
443,aleg,17.0481,-13.9209,32.24,14,0,5.76,MR,1683336029
444,huetamo de nunez,18.5833,-100.8833,36.69,23,100,2.09,MX,1683336029
445,ishigaki,24.3448,124.1572,27.07,89,75,7.72,JP,1683336030
446,sao gabriel da cachoeira,-0.1303,-67.0892,25.82,80,96,0.88,BR,1683335774
447,kirundo,-2.5833,30.1667,15.07,97,28,0.78,BI,1683336030
448,kushiro,42.975,144.3747,6.53,93,75,4.12,JP,1683336030
449,tieli,46.95,128.05,14.74,22,4,3.78,CN,1683336031
450,tanout,14.9709,8.8879,30.04,10,3,3.32,NE,1683336031
451,richards bay,-28.783,32.0377,19.39,91,66,2.81,ZA,1683336032
452,chik ballapur,13.4342,77.7242,21.9,81,100,2.05,IN,1683336032
453,brookings,44.3114,-96.7984,20.1,64,0,5.14,US,1683336031
454,terbuny,52.1389,38.2789,5.13,83,93,4.54,RU,1683336032
455,xining,36.6167,101.7667,6.57,73,94,0.86,CN,1683336033
456,wewak,-3.5534,143.6268,29.15,74,99,2.34,PG,1683335798
457,huasahuasi,-11.3167,-75.6167,5.87,89,100,1.42,PE,1683336033
458,roma,43.2128,-75.4557,11.64,89,20,0.0,US,1683336033
459,fortaleza,-3.7227,-38.5247,27.07,83,0,3.09,BR,1683335763
460,gamba,-2.65,10.0,24.71,94,100,1.55,GA,1683336034
461,xai-xai,-25.0519,33.6442,18.72,91,5,2.74,MZ,1683336034
462,beipiao,41.7919,120.7792,16.51,20,100,8.46,CN,1683336034
463,codajas,-3.8367,-62.0569,23.7,97,53,0.88,BR,1683336035
464,kindu,-2.95,25.95,20.86,93,100,1.03,CD,1683336035
465,souillac,-20.5167,57.5167,26.21,83,75,3.09,MU,1683335772
466,sao joao da barra,-21.6403,-41.0511,23.5,84,18,2.1,BR,1683335916
467,minas de marcona,-15.2119,-75.1103,15.34,87,72,5.8,PE,1683335751
468,torrington,41.8007,-73.1212,11.99,90,99,1.02,US,1683336036
469,san agustin de valle fertil,-30.6335,-67.4682,13.22,73,1,1.85,AR,1683336037
470,magog,45.2668,-72.1491,12.12,87,50,0.51,CA,1683336002
471,axim,4.8699,-2.2405,27.35,81,9,3.52,GH,1683335781
472,sao vicente,-23.9631,-46.3919,26.1,26,100,1.36,BR,1683335847
473,daru,-9.0763,143.2092,27.33,84,99,5.93,PG,1683336037
474,puerto colombia,10.9878,-74.9547,28.05,88,98,11.27,CO,1683336038
475,hoeyang,38.7103,127.5983,6.91,92,100,9.08,KP,1683336038
476,ecoporanga,-18.3733,-40.8306,20.56,95,98,1.79,BR,1683336038
477,cooper's town,26.8667,-77.5167,24.59,75,97,6.8,BS,1683336039
478,sajir,25.1825,44.5996,25.72,22,5,5.61,SA,1683336039
479,arias,-33.6441,-62.4027,15.87,59,100,3.23,AR,1683336039
480,nar'yan-mar,67.6713,53.087,-5.45,95,94,3.35,RU,1683335713
481,barahan,13.0121,120.762,29.68,65,91,1.39,PH,1683336040
482,qamdo,31.1667,97.2333,2.79,52,39,2.97,CN,1683336040
483,nemuro,43.3236,145.575,3.18,95,100,8.36,JP,1683335740
484,nassau,40.7507,-73.5829,13.14,75,100,3.6,US,1683336040
485,rio grande,-32.035,-52.0986,19.72,97,100,4.27,BR,1683335733
486,mizdah,31.4451,12.9801,14.6,63,0,1.85,LY,1683336041
487,hami,42.8,93.45,11.77,28,100,3.23,CN,1683336041
488,faya-largeau,17.9257,19.1043,29.24,14,0,5.64,TD,1683335757
489,pemba,-12.974,40.5178,23.39,94,75,2.06,MZ,1683336042
490,sarina,-21.4333,149.2167,26.82,66,96,5.07,AU,1683336042
491,labytnangi,66.6572,66.4183,-4.27,85,5,3.52,RU,1683335794
492,solnechnyy,50.7214,136.6319,9.62,38,98,2.75,RU,1683336043
493,balikpapan,-1.2675,116.8289,26.55,94,99,1.03,ID,1683336043
494,antofagasta,-23.65,-70.4,13.6,78,2,0.83,CL,1683335567
495,prince rupert,54.3161,-130.3201,8.05,93,100,0.0,CA,1683335525
496,starkville,33.4504,-88.8184,18.15,82,100,2.57,US,1683336044
497,port hedland,-20.3167,118.5667,29.03,21,100,8.23,AU,1683335963
498,kostanay,53.1667,63.5833,5.16,70,0,1.0,KZ,1683336044
499,itoman,26.1247,127.6694,27.43,78,75,9.77,JP,1683335802
500,marabba,12.35,32.1833,30.53,34,12,3.87,SD,1683336045
501,gadzhiyevo,69.2551,33.3362,-2.62,93,100,3.51,RU,1683335805
502,taybad,34.74,60.7756,9.11,73,0,2.85,IR,1683336045
503,ovalle,-30.5983,-71.2003,17.17,59,100,2.22,CL,1683335991
504,tommot,58.9564,126.2925,6.37,80,99,4.2,RU,1683336046
505,sinabang,2.4803,96.3801,27.08,80,98,1.83,ID,1683335743
506,moyale,3.5167,39.0584,19.72,77,88,1.21,KE,1683336046
507,atar,20.5169,-13.0499,27.68,18,100,4.03,MR,1683336046
508,tofol,5.3248,163.0078,31.88,70,75,6.69,FM,1683335783
509,noumea,-22.2763,166.4572,27.99,99,90,4.54,NC,1683335987
510,zouerate,22.7187,-12.4521,24.45,26,100,6.7,MR,1683336047
511,webuye,0.6075,34.7697,15.06,90,3,2.31,KE,1683335767
512,happy valley-goose bay,53.3168,-60.3315,1.45,73,79,3.92,CA,1683335711
513,phan thiet,10.9333,108.1,29.6,70,63,2.55,VN,1683335786
514,holbrook,40.8123,-73.0784,12.56,83,75,3.09,US,1683335878
515,mil'kovo,55.6078,37.7956,-0.73,63,0,3.54,RU,1683336049
516,boende,-0.2167,20.8667,22.0,98,74,1.02,CD,1683336049
517,kavalerovo,44.2661,135.0572,14.32,30,95,4.13,RU,1683336049
518,akhmim,26.5622,31.745,22.59,27,0,5.31,EG,1683336049
519,hobyo,5.3505,48.5268,27.89,81,100,9.56,SO,1683336050
520,al fahahil,29.0825,48.1303,26.2,26,0,4.71,KW,1683336050
521,palikir - national government center,6.9248,158.1611,30.47,79,100,5.14,FM,1683335751
522,yorkton,51.2167,-102.4677,13.91,41,40,6.69,CA,1683336051
523,san pablo huixtepec,16.8333,-96.7667,28.29,28,75,6.17,MX,1683336051
524,noosa heads,-26.3833,153.15,24.5,65,0,3.41,AU,1683335769
525,darwin,-12.4611,130.8418,30.5,70,0,3.09,AU,1683335812
526,hanceville,34.0607,-86.7675,16.95,96,100,4.02,US,1683336052
527,sarmiento,-45.5882,-69.07,13.25,64,98,3.91,AR,1683336052
528,konstantinovka,49.6167,127.9833,13.04,34,9,5.75,RU,1683336052
529,bandipura,34.4167,74.65,10.94,78,100,1.8,IN,1683336053
530,la'ie,21.6477,-157.9253,28.98,74,2,2.68,US,1683336053
531,inhambane,-23.865,35.3833,21.24,83,2,1.7,MZ,1683335787
532,saint-gilles-croix-de-vie,46.6833,-1.9333,11.55,89,100,4.17,FR,1683336053
533,walvis bay,-22.9575,14.5053,13.94,85,100,2.82,NA,1683335746
534,sisimiut,66.9395,-53.6735,-0.85,85,100,0.55,GL,1683335805
535,zinder,13.8072,8.9881,28.5,14,7,2.79,NE,1683336054
536,pointe michel,15.25,-61.3833,26.95,75,94,5.43,DM,1683336054
537,ermoupolis,37.4423,24.9425,16.39,72,91,12.35,GR,1683336055
538,margarita belen,-27.2616,-58.9722,17.25,98,100,1.3,AR,1683336055
539,cannonvale,-20.2833,148.7,25.66,62,100,6.61,AU,1683336055
540,yarmouth,41.7057,-70.2286,8.9,80,0,2.24,US,1683335800
541,ulsteinvik,62.3432,5.8487,6.53,55,100,3.13,NO,1683335756
542,kotabumi,-4.8333,104.9,26.57,83,94,2.29,ID,1683336056
543,port-gentil,-0.7193,8.7815,27.33,81,100,4.1,GA,1683336056
544,iskateley,67.6803,53.1512,-5.51,95,94,3.35,RU,1683335726
545,eket,4.6412,7.9209,25.63,85,100,2.55,NG,1683336057
546,pacific grove,36.6177,-121.9166,14.66,79,75,5.14,US,1683336057
547,conceicao da barra,-18.5933,-39.7322,23.09,84,39,2.43,BR,1683335884
548,kavieng,-2.5744,150.7967,29.44,69,99,4.44,PG,1683335812
549,serang,-6.1149,106.1502,27.55,77,97,1.5,ID,1683336058
550,agat village,13.3886,144.6585,31.52,73,40,6.69,GU,1683335749
551,beledweyne,4.7358,45.2036,26.22,75,1,5.38,SO,1683336058
552,dauphin,51.1494,-100.0502,14.08,44,100,5.14,CA,1683335896
553,gotsucho,35.0,132.2167,19.72,84,100,8.77,JP,1683336059
554,mweka,-4.85,21.5667,20.07,99,39,0.82,CD,1683336059
555,princeville,45.7668,-61.2985,2.95,87,20,5.14,CA,1683335778
556,zuwarah,32.9312,12.082,17.8,68,0,2.77,LY,1683336059
557,altay,47.8667,88.1167,5.24,49,100,1.28,CN,1683336060
558,tolbazy,54.0241,55.8825,9.38,50,100,3.57,RU,1683336060
559,boden,65.8252,21.6886,-3.0,96,73,0.22,SE,1683336060
560,fuglafjordur,62.244,-6.814,7.26,96,100,10.85,FO,1683336060
561,strelka,58.0728,93.0344,8.82,94,100,3.87,RU,1683336061
562,sarupathar,26.1984,93.8094,23.08,87,0,1.34,IN,1683336061
563,arawa,-6.2132,155.5367,30.76,66,97,1.86,PG,1683336061
564,anton lizardo,19.05,-95.9833,28.45,91,100,4.63,MX,1683336062
565,sandnessjoen,66.0217,12.6316,-2.71,57,73,3.16,NO,1683335741
566,crane,31.3974,-102.3501,30.63,9,0,4.37,US,1683335754
567,christchurch,-43.5333,172.6333,20.74,60,100,2.06,NZ,1683336038
568,briare,47.6334,2.7438,11.48,92,96,1.53,FR,1683336063
569,el alto,-4.2714,-81.2147,24.81,77,67,6.44,PE,1683336063
570,hadibu,12.65,54.0333,28.25,78,100,3.09,YE,1683335748
571,new glasgow,45.5834,-62.6486,3.88,74,100,3.64,CA,1683336064
572,pama,11.2497,0.7075,31.01,39,49,1.34,BF,1683336064
573,paita,-5.0892,-81.1144,24.9,80,29,6.04,PE,1683336064
574,atlantis,-33.5667,18.4834,12.77,89,100,1.01,ZA,1683336065
575,raduzhny,62.0961,77.475,0.37,89,100,2.48,RU,1683335724
576,viborg,56.4532,9.402,5.0,62,100,7.91,DK,1683335735
577,dhidhdhoo,6.8833,73.1,28.87,72,100,6.23,MV,1683336065
578,barra de santo antonio,-9.4047,-35.5072,24.6,82,13,3.63,BR,1683336066
579,neryungri,56.6709,124.6491,3.27,86,78,2.37,RU,1683336066
580,kiruna,67.8557,20.2251,-7.49,86,90,2.06,SE,1683336066
581,bereznik,62.8551,42.7072,-1.67,82,100,3.77,RU,1683336067
582,kahama,-3.8333,32.6,17.14,96,14,1.59,TZ,1683336067
583,paragominas,-2.9667,-47.4833,22.72,96,55,1.53,BR,1683336067
584,saint-pierre,-21.3393,55.4781,22.82,73,20,2.57,RE,1683335724
585,metlili chaamba,32.2667,3.6333,27.52,12,0,2.57,DZ,1683336068
